path,run_time
README.md,0.003921985626220703
Pepe.cs,0.11520195007324219
update_pipeline_with_semgrep_task.py,0.5378830432891846
semgrep-pod.yml,0.04500389099121094
bitbucket.py,0.005319118499755859
api.py,0.003757953643798828
api.txt,0.0059010982513427734
convert.py,0.0007169246673583984
